{
  "id" : "bf847660-0a67-11ea-b96e-cb47a2e78361-1",
  "name" : "item-02.txt",
  "createdDate" : 0,
  "version" : 3,
  "text" : "Smartphone Samsung Galaxy S8 SM-G950FD 64GB Preto 4G Tela 5.8\" Câmera 12MP Android 7.0\n",
  "docLength" : 0,
  "language" : "PT",
  "status" : "SUBMITTED",
  "modifiedDate" : 1574125659466,
  "documentSet" : [ ],
  "preannotation" : [ ],
  "sentences" : [ {
    "id" : "s0",
    "begin" : 0,
    "end" : 86,
    "text" : "Smartphone Samsung Galaxy S8 SM-G950FD 64GB Preto 4G Tela 5.8\" Câmera 12MP Android 7.0",
    "tokens" : [ {
      "id" : "s0-t0",
      "begin" : 0,
      "end" : 10,
      "text" : "Smartphone",
      "whiteSpace" : false
    }, {
      "id" : "s0-t1",
      "begin" : 11,
      "end" : 18,
      "text" : "Samsung",
      "whiteSpace" : false
    }, {
      "id" : "s0-t2",
      "begin" : 19,
      "end" : 25,
      "text" : "Galaxy",
      "whiteSpace" : false
    }, {
      "id" : "s0-t3",
      "begin" : 26,
      "end" : 28,
      "text" : "S8",
      "whiteSpace" : false
    }, {
      "id" : "s0-t4",
      "begin" : 29,
      "end" : 38,
      "text" : "SM-G950FD",
      "whiteSpace" : false
    }, {
      "id" : "s0-t5",
      "begin" : 39,
      "end" : 43,
      "text" : "64GB",
      "whiteSpace" : false
    }, {
      "id" : "s0-t6",
      "begin" : 44,
      "end" : 49,
      "text" : "Preto",
      "whiteSpace" : false
    }, {
      "id" : "s0-t7",
      "begin" : 50,
      "end" : 52,
      "text" : "4G",
      "whiteSpace" : false
    }, {
      "id" : "s0-t8",
      "begin" : 53,
      "end" : 57,
      "text" : "Tela",
      "whiteSpace" : false
    }, {
      "id" : "s0-t9",
      "begin" : 58,
      "end" : 61,
      "text" : "5.8",
      "whiteSpace" : false
    }, {
      "id" : "s0-t10",
      "begin" : 61,
      "end" : 62,
      "text" : "\"",
      "whiteSpace" : false
    }, {
      "id" : "s0-t11",
      "begin" : 63,
      "end" : 69,
      "text" : "Câmera",
      "whiteSpace" : false
    }, {
      "id" : "s0-t12",
      "begin" : 70,
      "end" : 74,
      "text" : "12MP",
      "whiteSpace" : false
    }, {
      "id" : "s0-t13",
      "begin" : 75,
      "end" : 82,
      "text" : "Android",
      "whiteSpace" : false
    }, {
      "id" : "s0-t14",
      "begin" : 83,
      "end" : 86,
      "text" : "7.0",
      "whiteSpace" : false
    } ]
  } ],
  "mentions" : [ {
    "id" : "s0-m1",
    "properties" : {
      "SIRE_MENTION_ROLE" : "Marca",
      "SIRE_ENTITY_SUBTYPE" : "NONE",
      "SIRE_MENTION_TYPE" : "NONE",
      "SIRE_MENTION_CLASS" : "SPC"
    },
    "type" : "Marca",
    "begin" : 11,
    "end" : 18,
    "inCoref" : false
  }, {
    "id" : "s0-m2",
    "properties" : {
      "SIRE_MENTION_ROLE" : "Modelo",
      "SIRE_ENTITY_SUBTYPE" : "NONE",
      "SIRE_MENTION_TYPE" : "NONE",
      "SIRE_MENTION_CLASS" : "SPC"
    },
    "type" : "Modelo",
    "begin" : 19,
    "end" : 28,
    "inCoref" : false
  }, {
    "id" : "s0-m3",
    "properties" : {
      "SIRE_MENTION_ROLE" : "Memoria",
      "SIRE_ENTITY_SUBTYPE" : "NONE",
      "SIRE_MENTION_TYPE" : "NONE",
      "SIRE_MENTION_CLASS" : "SPC"
    },
    "type" : "Memoria",
    "begin" : 39,
    "end" : 43,
    "inCoref" : false
  }, {
    "id" : "s0-m4",
    "properties" : {
      "SIRE_MENTION_ROLE" : "Cor",
      "SIRE_ENTITY_SUBTYPE" : "NONE",
      "SIRE_MENTION_TYPE" : "NONE",
      "SIRE_MENTION_CLASS" : "SPC"
    },
    "type" : "Cor",
    "begin" : 44,
    "end" : 49,
    "inCoref" : false
  }, {
    "id" : "s0-m5",
    "properties" : {
      "SIRE_MENTION_ROLE" : "Tela",
      "SIRE_ENTITY_SUBTYPE" : "NONE",
      "SIRE_MENTION_TYPE" : "NONE",
      "SIRE_MENTION_CLASS" : "SPC"
    },
    "type" : "Tela",
    "begin" : 53,
    "end" : 62,
    "inCoref" : false
  }, {
    "id" : "s0-m6",
    "properties" : {
      "SIRE_MENTION_ROLE" : "OS",
      "SIRE_ENTITY_SUBTYPE" : "NONE",
      "SIRE_MENTION_TYPE" : "NONE",
      "SIRE_MENTION_CLASS" : "SPC"
    },
    "type" : "OS",
    "begin" : 75,
    "end" : 82,
    "inCoref" : false
  }, {
    "id" : "s0-m7",
    "properties" : {
      "SIRE_MENTION_ROLE" : "OS_Versao",
      "SIRE_ENTITY_SUBTYPE" : "NONE",
      "SIRE_MENTION_TYPE" : "NONE",
      "SIRE_MENTION_CLASS" : "SPC"
    },
    "type" : "OS_Versao",
    "begin" : 83,
    "end" : 86,
    "inCoref" : false
  } ],
  "relations" : [ {
    "id" : "s0-r1",
    "properties" : { },
    "type" : "ModeloDaMarca",
    "args" : [ "s0-m2", "s0-m1" ]
  }, {
    "id" : "s0-r2",
    "properties" : { },
    "type" : "VersaoDoOS",
    "args" : [ "s0-m7", "s0-m6" ]
  } ],
  "corefs" : [ ],
  "typeResolved" : true,
  "userResolved" : false
}