{
  "id" : "bf847660-0a67-11ea-b96e-cb47a2e78361-2",
  "name" : "item-03.txt",
  "createdDate" : 0,
  "version" : 3,
  "text" : "Smartphone Asus Zenfone 5Z ZS620KL-2A074BR 128GB Preto 4G Tela 6.2\" Câmera 12MP Android 8\n",
  "docLength" : 0,
  "language" : "PT",
  "status" : "SUBMITTED",
  "modifiedDate" : 1574125865528,
  "documentSet" : [ ],
  "preannotation" : [ ],
  "sentences" : [ {
    "id" : "s0",
    "begin" : 0,
    "end" : 89,
    "text" : "Smartphone Asus Zenfone 5Z ZS620KL-2A074BR 128GB Preto 4G Tela 6.2\" Câmera 12MP Android 8",
    "tokens" : [ {
      "id" : "s0-t0",
      "begin" : 0,
      "end" : 10,
      "text" : "Smartphone",
      "whiteSpace" : false
    }, {
      "id" : "s0-t1",
      "begin" : 11,
      "end" : 15,
      "text" : "Asus",
      "whiteSpace" : false
    }, {
      "id" : "s0-t2",
      "begin" : 16,
      "end" : 23,
      "text" : "Zenfone",
      "whiteSpace" : false
    }, {
      "id" : "s0-t3",
      "begin" : 24,
      "end" : 26,
      "text" : "5Z",
      "whiteSpace" : false
    }, {
      "id" : "s0-t4",
      "begin" : 27,
      "end" : 42,
      "text" : "ZS620KL-2A074BR",
      "whiteSpace" : false
    }, {
      "id" : "s0-t5",
      "begin" : 43,
      "end" : 48,
      "text" : "128GB",
      "whiteSpace" : false
    }, {
      "id" : "s0-t6",
      "begin" : 49,
      "end" : 54,
      "text" : "Preto",
      "whiteSpace" : false
    }, {
      "id" : "s0-t7",
      "begin" : 55,
      "end" : 57,
      "text" : "4G",
      "whiteSpace" : false
    }, {
      "id" : "s0-t8",
      "begin" : 58,
      "end" : 62,
      "text" : "Tela",
      "whiteSpace" : false
    }, {
      "id" : "s0-t9",
      "begin" : 63,
      "end" : 66,
      "text" : "6.2",
      "whiteSpace" : false
    }, {
      "id" : "s0-t10",
      "begin" : 66,
      "end" : 67,
      "text" : "\"",
      "whiteSpace" : false
    }, {
      "id" : "s0-t11",
      "begin" : 68,
      "end" : 74,
      "text" : "Câmera",
      "whiteSpace" : false
    }, {
      "id" : "s0-t12",
      "begin" : 75,
      "end" : 79,
      "text" : "12MP",
      "whiteSpace" : false
    }, {
      "id" : "s0-t13",
      "begin" : 80,
      "end" : 87,
      "text" : "Android",
      "whiteSpace" : false
    }, {
      "id" : "s0-t14",
      "begin" : 88,
      "end" : 89,
      "text" : "8",
      "whiteSpace" : false
    } ]
  } ],
  "mentions" : [ {
    "id" : "s0-m1",
    "properties" : {
      "SIRE_MENTION_ROLE" : "Marca",
      "SIRE_ENTITY_SUBTYPE" : "NONE",
      "SIRE_MENTION_TYPE" : "NONE",
      "SIRE_MENTION_CLASS" : "SPC"
    },
    "type" : "Marca",
    "begin" : 11,
    "end" : 15,
    "inCoref" : false
  }, {
    "id" : "s0-m2",
    "properties" : {
      "SIRE_MENTION_ROLE" : "Modelo",
      "SIRE_ENTITY_SUBTYPE" : "NONE",
      "SIRE_MENTION_TYPE" : "NONE",
      "SIRE_MENTION_CLASS" : "SPC"
    },
    "type" : "Modelo",
    "begin" : 16,
    "end" : 26,
    "inCoref" : false
  }, {
    "id" : "s0-m3",
    "properties" : {
      "SIRE_MENTION_ROLE" : "Memoria",
      "SIRE_ENTITY_SUBTYPE" : "NONE",
      "SIRE_MENTION_TYPE" : "NONE",
      "SIRE_MENTION_CLASS" : "SPC"
    },
    "type" : "Memoria",
    "begin" : 43,
    "end" : 48,
    "inCoref" : false
  }, {
    "id" : "s0-m4",
    "properties" : {
      "SIRE_MENTION_ROLE" : "Cor",
      "SIRE_ENTITY_SUBTYPE" : "NONE",
      "SIRE_MENTION_TYPE" : "NONE",
      "SIRE_MENTION_CLASS" : "SPC"
    },
    "type" : "Cor",
    "begin" : 49,
    "end" : 54,
    "inCoref" : false
  }, {
    "id" : "s0-m5",
    "properties" : {
      "SIRE_MENTION_ROLE" : "Tela",
      "SIRE_ENTITY_SUBTYPE" : "NONE",
      "SIRE_MENTION_TYPE" : "NONE",
      "SIRE_MENTION_CLASS" : "SPC"
    },
    "type" : "Tela",
    "begin" : 58,
    "end" : 67,
    "inCoref" : false
  }, {
    "id" : "s0-m6",
    "properties" : {
      "SIRE_MENTION_ROLE" : "OS",
      "SIRE_ENTITY_SUBTYPE" : "NONE",
      "SIRE_MENTION_TYPE" : "NONE",
      "SIRE_MENTION_CLASS" : "SPC"
    },
    "type" : "OS",
    "begin" : 80,
    "end" : 87,
    "inCoref" : false
  }, {
    "id" : "s0-m7",
    "properties" : {
      "SIRE_MENTION_ROLE" : "OS_Versao",
      "SIRE_ENTITY_SUBTYPE" : "NONE",
      "SIRE_MENTION_TYPE" : "NONE",
      "SIRE_MENTION_CLASS" : "SPC"
    },
    "type" : "OS_Versao",
    "begin" : 88,
    "end" : 89,
    "inCoref" : false
  } ],
  "relations" : [ {
    "id" : "s0-r1",
    "properties" : { },
    "type" : "ModeloDaMarca",
    "args" : [ "s0-m2", "s0-m1" ]
  }, {
    "id" : "s0-r2",
    "properties" : { },
    "type" : "VersaoDoOS",
    "args" : [ "s0-m7", "s0-m6" ]
  } ],
  "corefs" : [ ],
  "typeResolved" : true,
  "userResolved" : false
}