[ {
  "id" : "bf847660-0a67-11ea-b96e-cb47a2e78361-0",
  "name" : "item-01.txt",
  "createdDate" : 0,
  "text" : "Smartphone Samsung Galaxy S9+ SM-G9650ZKKZTO 128GB Preto 4G Tela 6.2 Câmera 12MP Android 8.0\n",
  "status" : "SUBMITTED",
  "modifiedDate" : 1574125609912
}, {
  "id" : "bf847660-0a67-11ea-b96e-cb47a2e78361-1",
  "name" : "item-02.txt",
  "createdDate" : 0,
  "text" : "Smartphone Samsung Galaxy S8 SM-G950FD 64GB Preto 4G Tela 5.8\" Câmera 12MP Android 7.0\n",
  "status" : "SUBMITTED",
  "modifiedDate" : 1574125659466
}, {
  "id" : "bf847660-0a67-11ea-b96e-cb47a2e78361-10",
  "name" : "item-11.txt",
  "createdDate" : 0,
  "text" : "Smartphone Motorola Moto X4 XT1900 32GB Preto Tela 5.2\" Câmera 12MP Android 7.1.1\n",
  "status" : "SUBMITTED",
  "modifiedDate" : 1574125706518
}, {
  "id" : "bf847660-0a67-11ea-b96e-cb47a2e78361-11",
  "name" : "item-12.txt",
  "createdDate" : 0,
  "text" : "Smartphone Moto Z3 Play Power Pack & DTV Edition 64GB Indigo Tela 6\" Câmera 12MP Android 8.1\n",
  "status" : "SUBMITTED",
  "modifiedDate" : 1574125772105
}, {
  "id" : "bf847660-0a67-11ea-b96e-cb47a2e78361-12",
  "name" : "item-13.txt",
  "createdDate" : 0,
  "text" : "Smartphone Samsung Galaxy A8 64GB Ametista Tela 5.6\" Câmera 16MP Selfie 16MP Android 7.1\n",
  "status" : "SUBMITTED",
  "modifiedDate" : 1574125821678
}, {
  "id" : "bf847660-0a67-11ea-b96e-cb47a2e78361-2",
  "name" : "item-03.txt",
  "createdDate" : 0,
  "text" : "Smartphone Asus Zenfone 5Z ZS620KL-2A074BR 128GB Preto 4G Tela 6.2\" Câmera 12MP Android 8\n",
  "status" : "SUBMITTED",
  "modifiedDate" : 1574125865528
}, {
  "id" : "bf847660-0a67-11ea-b96e-cb47a2e78361-3",
  "name" : "item-04.txt",
  "createdDate" : 0,
  "text" : "Smartphone Samsung Galaxy J6 SM-J600GZKBZTO 32GB Preto Tela 5.6\" Câmera 13MP Selfie 8MP Android 8.0\n",
  "status" : "SUBMITTED",
  "modifiedDate" : 1574125912530
}, {
  "id" : "bf847660-0a67-11ea-b96e-cb47a2e78361-4",
  "name" : "item-05.txt",
  "createdDate" : 0,
  "text" : "Smartphone Samsung Galaxy A8+ SM-A730FZKKZTO 64GB Preto Tela 6\" Câmera 16MP Android 7.1\n",
  "status" : "SUBMITTED",
  "modifiedDate" : 1574125945037
}, {
  "id" : "bf847660-0a67-11ea-b96e-cb47a2e78361-5",
  "name" : "item-06.txt",
  "createdDate" : 0,
  "text" : "Smartphone Samsung Galaxy J4 SM-J400MZVKZTO 32GB Prata Tela 5.5\" Câmera 13MP Android 8.0\n",
  "status" : "SUBMITTED",
  "modifiedDate" : 1574125978195
}, {
  "id" : "bf847660-0a67-11ea-b96e-cb47a2e78361-6",
  "name" : "item-07.txt",
  "createdDate" : 0,
  "text" : "Smartphone Samsung Galaxy A8 SM-A530FZKKZTO 64GB Preto Tela 5.6\" Câmera 16MP Android 7.1\n",
  "status" : "SUBMITTED",
  "modifiedDate" : 1574126017267
}, {
  "id" : "bf847660-0a67-11ea-b96e-cb47a2e78361-7",
  "name" : "item-08.txt",
  "createdDate" : 0,
  "text" : "Smartphone Motorola Moto G6 PAAH0016BR 64GB Ouro Rosê 4G Tela 5,7\" Câmera 12MP Android 8.0\n",
  "status" : "SUBMITTED",
  "modifiedDate" : 1574126060949
}, {
  "id" : "bf847660-0a67-11ea-b96e-cb47a2e78361-8",
  "name" : "item-09.txt",
  "createdDate" : 0,
  "text" : "Smartphone Asus Zenfone Selfie ZB553KL-5A136BR 16GB Preto 4G Tela 5.5\" Câmera 13MP Android 7.0\n",
  "status" : "SUBMITTED",
  "modifiedDate" : 1574126091074
}, {
  "id" : "bf847660-0a67-11ea-b96e-cb47a2e78361-9",
  "name" : "item-10.txt",
  "createdDate" : 0,
  "text" : "Smartphone Motorola Moto Z3 Play 64GB Indigo Tela 6\" Câmera 12MP Android 8.1\n",
  "status" : "SUBMITTED",
  "modifiedDate" : 1574126122931
} ]